{
    "fecha_hora": "2025-10-30 03:29:08",
    "configuracion": {
        "num_centros": 10,
        "error_optimo": 0.1,
        "porcentaje_entrenamiento": 80
    },
    "entrenamiento": {
        "EG": 0.18501072074781555,
        "MAE": 0.18501072074781555,
        "RMSE": 0.25807533441415736,
        "convergencia": false
    }
}