{
    "fecha_hora": "2025-10-30 03:27:38",
    "configuracion": {
        "num_centros": 30,
        "error_optimo": 0.1,
        "porcentaje_entrenamiento": 80
    },
    "entrenamiento": {
        "EG": 0.11476867587696192,
        "MAE": 0.11476867587696192,
        "RMSE": 0.14968827416675518,
        "convergencia": false
    }
}