{
    "fecha_hora": "2025-10-30 03:12:38",
    "configuracion": {
        "num_centros": 5,
        "error_optimo": 0.1,
        "porcentaje_entrenamiento": 80
    },
    "entrenamiento": {
        "EG": 0.035944320564064665,
        "MAE": 0.035944320564064665,
        "RMSE": 0.04429853034306048,
        "convergencia": true
    },
    "prueba": {
        "EG": 0.043908514869919944,
        "MAE": 0.043908514869919944,
        "RMSE": 0.05177694291746164
    }
}