{
    "fecha_hora": "2025-10-30 03:29:11",
    "configuracion": {
        "num_centros": 10,
        "error_optimo": 0.1,
        "porcentaje_entrenamiento": 80
    },
    "entrenamiento": {
        "EG": 0.2312350559126405,
        "MAE": 0.2312350559126405,
        "RMSE": 0.2882251947572071,
        "convergencia": false
    }
}